INSERT INTO `quiz` (id, title, description, start_date, end_date, published) VALUES
(1,'最愛手搖飲','手搖飲早已成為許多人日常生活的一部分，無論是解渴、放鬆，還是療癒心情，每個人心中都有一杯屬於自己的「最愛手搖飲」。為了了解大家對手搖飲的口味偏好、購買習慣與品牌喜好，我們特別設計了這份問卷。','2025-05-01','2025-06-29',1),
(2,'滑雪人調查問卷','為了更深入了解滑雪愛好者的需求與偏好，並提升滑雪活動、設施與相關服務的品質，我們特別設計了本份問卷。無論您是資深雪場常客，還是剛入門的新手，只要您對滑雪有興趣，您的寶貴意見對我們都至關重要！','2025-05-24','2025-12-30',1),
(3,'喜愛的戶外運動','隨著健康意識抬頭，越來越多人投入各種戶外運動，無論是登山、跑步、騎腳踏車、露營還是滑雪，每一項活動都有它獨特的魅力。為了深入了解大家對戶外運動的喜好、參與頻率與選擇原因，我們設計了這份問卷。','2025-08-15','2025-09-30',0),
(4,'懷舊電腦遊戲','還記得小時候在電腦前一玩就是好幾個小時的那些經典遊戲嗎？無論是《魔獸爭霸》、《仙劍奇俠傳》、《模擬市民》還是《紅色警戒》，每款遊戲都承載著一段獨特的回憶。\n\n本問卷旨在了解大家對懷舊電腦遊戲的喜愛、接觸經歷以及印象最深刻的作品。我們希望透過這份問卷，喚起你對過去遊戲時光的回憶，也為相關內容創作、活動或研究提供參考。','2025-09-01','2025-09-30',1);

INSERT INTO `question` (quiz_id, ques_id, question, type, required, options) VALUES
(1,1,'喝手搖飲的頻率','Single',1,'[\"1~5杯/天\",\"1~5杯/週\",\"1~5杯/月\",\"不一定\"]'),
(1,2,'喜歡的品牌','Multi',1,'[\"珍煮丹\",\"五十嵐\",\"可不可\",\"迷克夏\",\"麻古\",\"其他\"]'),
(1,3,'推薦的品牌','Text',0,'[]'),
(1,4,'如何選擇品牌','Multi',0,'[\"價格\",\"優惠組合\",\"品項內容\"]'),
(1,5,'認為手搖飲是台灣名產嗎','Single',1,'[\"當然是\",\"才不是\"]'),
(2,1,'從事過下列哪一種類型的滑雪','Multi',1,'[\"單板滑雪\",\"雙板滑雪\"]'),
(2,2,'偏好哪一種類型','Single',1,'[\"單板滑雪\",\"雙板滑雪\"]'),
(2,3,'去過哪個地區滑雪','Multi',1,'[\"亞洲(日、韓、中、俄)\",\"歐洲(法、義、瑞士、奧地利)\",\"美洲(美、加、阿根廷、智利)\",\"大洋洲(紐、澳)\",\"其他\"]'),
(2,4,'是否擁有滑雪指導員的證照','Single',0,'[\"是\",\"否\"]'),
(2,5,'請描述滑雪帶給你的感受','Text',1,'[]'),
(3,1,'喜歡的戶外運動','Multi',1,'[\"爬山\",\"衝浪\",\"潛水\",\"滑雪\",\"攀岩\",\"其他\"]'),
(3,2,'平均每週參與戶外運動的次數為','Single',1,'[\"幾乎沒有\",\" 1–2 次\",\" 3–4 次\",\"超過 5 次\"]'),
(3,3,'通常與誰一起進行戶外運動','Multi',0,'[\"自己一人\",\"親朋好友\",\" 運動團體\",\"教練\"]'),
(3,4,'請描述最喜歡的一項戶外運動及其原因。','Text',1,'[]'),
(3,5,'阻礙你從事戶外運動的原因為何','Multi',0,'[\"時間不足\",\"缺乏夥伴\",\"缺乏動力\",\"缺乏場地\"]'),
(4,1,'學生時代最常玩的線上電腦遊戲有哪些？','Multi',1,'[\"爆爆王\",\"跑跑卡丁車\",\"楓之谷\",\"天堂\",\"魔獸世界\",\"其他\"]'),
(4,2,'最常與誰一起遊玩或討論？','Multi',0,'[\"朋友\",\"家人\",\"同學\",\"網友\",\"自己\"]'),
(4,3,'最常在哪裡玩電腦遊戲？','Single',0,'[\"自家\",\"朋友家\",\"網咖\",\"電腦教室\"]'),
(4,4,'認為懷舊電腦遊戲最吸引人的地方','Text',1,'[]'),
(4,5,'如果有懷舊電腦遊戲復刻或重製，會願意購買或再玩一次嗎','Single',1,'[\"肯定會\",\"才不想\"]');

INSERT INTO `feedback` (user_name, phone, email, age, quiz_id, ques_id, answer, fillin_date) VALUES
('菜一零','0912345678','10tsai@hotmail.com',28,1,1,'[\"1~5杯/週\"]','2025-05-20'),
('菜一零','0912345678','10tsai@hotmail.com',28,1,2,'[\"五十嵐\",\"迷克夏\",\"麻古\"]','2025-05-20'),
('菜一零','0912345678','10tsai@hotmail.com',28,1,3,'[\"八曜和茶\"]','2025-05-20'),
('菜一零','0912345678','10tsai@hotmail.com',28,1,4,'[\"品項內容\"]','2025-05-20'),
('菜一零','0912345678','10tsai@hotmail.com',28,1,5,'[\"當然是\"]','2025-05-20'),
('陳柏宇','0967893456','boyu.chen@example.com',29,1,1,'[\"不一定\"]','2025-06-12'),
('陳柏宇','0967893456','boyu.chen@example.com',29,1,2,'[\"其他\"]','2025-06-12'),
('陳柏宇','0967893456','boyu.chen@example.com',29,1,3,'[\"手作茶坊\"]','2025-06-12'),
('陳柏宇','0967893456','boyu.chen@example.com',29,1,4,'[\"品項內容\"]','2025-06-12'),
('陳柏宇','0967893456','boyu.chen@example.com',29,1,5,'[\"才不是\"]','2025-06-12'),
('陳奕遜','0978551425','chen@gmail.com',38,1,1,'[\"1~5杯/月\"]','2025-05-05'),
('陳奕遜','0978551425','chen@gmail.com',38,1,2,'[\"珍煮丹\",\"五十嵐\",\"可不可\",\"迷克夏\"]','2025-05-05'),
('陳奕遜','0978551425','chen@gmail.com',38,1,3,'[\"有飲\"]','2025-05-05'),
('陳奕遜','0978551425','chen@gmail.com',38,1,4,'[\"優惠組合\"]','2025-05-05'),
('陳奕遜','0978551425','chen@gmail.com',38,1,5,'[\"當然是\"]','2025-05-05'),
('劉志偉','0956789123','chihwei.liu@example.com',35,1,1,'[\"1~5杯/週\"]','2025-05-19'),
('劉志偉','0956789123','chihwei.liu@example.com',35,1,2,'[\"五十嵐\",\"迷克夏\"]','2025-05-19'),
('劉志偉','0956789123','chihwei.liu@example.com',35,1,3,'[\"迷客夏\"]','2025-05-19'),
('劉志偉','0956789123','chihwei.liu@example.com',35,1,4,'[\"價格\",\"品項內容\"]','2025-05-19'),
('劉志偉','0956789123','chihwei.liu@example.com',35,1,5,'[\"當然是\"]','2025-05-19'),
('林美華','0923456789','meihua.lin@example.com',26,1,1,'[\"1~5杯/週\"]','2025-06-17'),
('林美華','0923456789','meihua.lin@example.com',26,1,2,'[\"可不可\",\"麻古\"]','2025-06-17'),
('林美華','0923456789','meihua.lin@example.com',26,1,3,'[\"茶聚\"]','2025-06-17'),
('林美華','0923456789','meihua.lin@example.com',26,1,4,'[\"價格\",\"品項內容\"]','2025-06-17'),
('林美華','0923456789','meihua.lin@example.com',26,1,5,'[\"當然是\"]','2025-06-17'),
('蔡佩蓉','0931234567','peirong.tsai@example.com',30,1,1,'[\"1~5杯/月\"]','2025-06-01'),
('蔡佩蓉','0931234567','peirong.tsai@example.com',30,1,2,'[\"可不可\",\"麻古\"]','2025-06-01'),
('蔡佩蓉','0931234567','peirong.tsai@example.com',30,1,3,'[\"清心福全\"]','2025-06-01'),
('蔡佩蓉','0931234567','peirong.tsai@example.com',30,1,4,'[\"優惠組合\"]','2025-06-01'),
('蔡佩蓉','0931234567','peirong.tsai@example.com',30,1,5,'[\"才不是\"]','2025-06-01'),
('張書豪','0911122334','shuhao.zhang@example.com',42,1,1,'[\"不一定\"]','2025-06-05'),
('張書豪','0911122334','shuhao.zhang@example.com',42,1,2,'[\"迷克夏\"]','2025-06-05'),
('張書豪','0911122334','shuhao.zhang@example.com',42,1,3,'[\"茶湯會\"]','2025-06-05'),
('張書豪','0911122334','shuhao.zhang@example.com',42,1,4,'[\"品項內容\"]','2025-06-05'),
('張書豪','0911122334','shuhao.zhang@example.com',42,1,5,'[\"才不是\"]','2025-06-05'),
('王心妍','0987654321','xinyan.wang@example.com',21,1,1,'[\"1~5杯/天\"]','2025-05-23'),
('王心妍','0987654321','xinyan.wang@example.com',21,1,2,'[\"珍煮丹\",\"麻古\",\"其他\"]','2025-05-23'),
('王心妍','0987654321','xinyan.wang@example.com',21,1,3,'[\"春陽茶事\"]','2025-05-23'),
('王心妍','0987654321','xinyan.wang@example.com',21,1,4,'[\"價格\",\"優惠組合\"]','2025-05-23'),
('王心妍','0987654321','xinyan.wang@example.com',21,1,5,'[\"當然是\"]','2025-05-23'),
('高欣怡','0919988776','xinyi.kao@example.com',24,1,1,'[\"1~5杯/天\"]','2025-05-08'),
('高欣怡','0919988776','xinyi.kao@example.com',24,1,2,'[\"五十嵐\",\"可不可\",\"珍煮丹\"]','2025-05-08'),
('高欣怡','0919988776','xinyi.kao@example.com',24,1,3,'[\"原茶工坊\"]','2025-05-08'),
('高欣怡','0919988776','xinyi.kao@example.com',24,1,4,'[\"價格\",\"優惠組合\",\"品項內容\"]','2025-05-08'),
('高欣怡','0919988776','xinyi.kao@example.com',24,1,5,'[\"當然是\"]','2025-05-08');